-- MySQL Script generated by MySQL Workbench
-- Thu Feb 11 20:36:12 2016
-- Model: New Model    Version: 1.0
-- MySQL Workbench Forward Engineering

SET @OLD_UNIQUE_CHECKS=@@UNIQUE_CHECKS, UNIQUE_CHECKS=0;
SET @OLD_FOREIGN_KEY_CHECKS=@@FOREIGN_KEY_CHECKS, FOREIGN_KEY_CHECKS=0;
SET @OLD_SQL_MODE=@@SQL_MODE, SQL_MODE='TRADITIONAL,ALLOW_INVALID_DATES';

-- -----------------------------------------------------
-- Schema lm13d
-- -----------------------------------------------------
DROP SCHEMA IF EXISTS `lm13d` ;

-- -----------------------------------------------------
-- Schema lm13d
-- -----------------------------------------------------
CREATE SCHEMA IF NOT EXISTS `lm13d` DEFAULT CHARACTER SET utf8 COLLATE utf8_general_ci ;
SHOW WARNINGS;
USE `lm13d` ;

-- -----------------------------------------------------
-- Table `lm13d`.`petstore`
-- -----------------------------------------------------
DROP TABLE IF EXISTS `lm13d`.`petstore` ;

SHOW WARNINGS;
CREATE TABLE IF NOT EXISTS `lm13d`.`petstore` (
  `pst_id` SMALLINT UNSIGNED NOT NULL,
  `pst_name` VARCHAR(45) NOT NULL,
  `pst_street` VARCHAR(45) NOT NULL,
  `pst_city` VARCHAR(45) NOT NULL,
  `pst_state` CHAR(2) NOT NULL,
  `pst_zip` INT NOT NULL,
  `pst_phone` BIGINT NOT NULL,
  `pst_email` VARCHAR(100) NOT NULL,
  `pst_url` VARCHAR(100) NOT NULL,
  `pst_ytd_sales` DECIMAL(5,2) NOT NULL,
  `pst_notes` VARCHAR(225) NULL,
  PRIMARY KEY (`pst_id`))
ENGINE = InnoDB;

SHOW WARNINGS;

-- -----------------------------------------------------
-- Table `lm13d`.`customer`
-- -----------------------------------------------------
DROP TABLE IF EXISTS `lm13d`.`customer` ;

SHOW WARNINGS;
CREATE TABLE IF NOT EXISTS `lm13d`.`customer` (
  `cus_id` SMALLINT UNSIGNED NOT NULL AUTO_INCREMENT,
  `cus_fname` VARCHAR(20) NOT NULL,
  `cus_lname` VARCHAR(45) NOT NULL,
  `cus_street` VARCHAR(45) NOT NULL,
  `cus_city` VARCHAR(45) NOT NULL,
  `cus_state` CHAR(2) NOT NULL,
  `cus_zip` INT NOT NULL,
  `cus_phone` BIGINT NOT NULL,
  `cus_email` VARCHAR(100) NULL,
  `cus_url` VARCHAR(100) NULL,
  `cus_balance` DECIMAL(5,2) NOT NULL,
  `cus_total_sales` DECIMAL(5,2) NOT NULL,
  `cus_notes` VARCHAR(225) NULL,
  PRIMARY KEY (`cus_id`))
ENGINE = InnoDB;

SHOW WARNINGS;

-- -----------------------------------------------------
-- Table `lm13d`.`pet`
-- -----------------------------------------------------
DROP TABLE IF EXISTS `lm13d`.`pet` ;

SHOW WARNINGS;
CREATE TABLE IF NOT EXISTS `lm13d`.`pet` (
  `pet_id` INT NOT NULL,
  `pst_id` SMALLINT NOT NULL,
  `cus_id` SMALLINT NULL,
  `pet_type` VARCHAR(45) NOT NULL,
  `pet_sex` ENUM('m', 'f') NOT NULL,
  `pet_cost` DECIMAL(7,2) NOT NULL,
  `pet_price` DECIMAL(7,2) NOT NULL,
  `pet_age` TINYINT NOT NULL,
  `pet_color` VARCHAR(45) NOT NULL,
  `pet_sale_date` DATE NULL,
  `pet_vaccine` ENUM('y', 'n') NOT NULL,
  `pet_neuter` ENUM('y','n') NOT NULL,
  `pet_notes` VARCHAR(225) NULL,
  PRIMARY KEY (`pet_id`),
  INDEX `fk_pet_petstore_idx` (`pst_id` ASC),
  INDEX `fk_pet_customer1_idx` (`cus_id` ASC),
  CONSTRAINT `fk_pet_petstore`
    FOREIGN KEY (`pst_id`)
    REFERENCES `lm13d`.`petstore` (`pst_id`)
    ON DELETE NO ACTION
    ON UPDATE NO ACTION,
  CONSTRAINT `fk_pet_customer1`
    FOREIGN KEY (`cus_id`)
    REFERENCES `lm13d`.`customer` (`cus_id`)
    ON DELETE NO ACTION
    ON UPDATE NO ACTION)
ENGINE = InnoDB;

SHOW WARNINGS;


-- -----------------------------------------------------
-- Data for table `lm13d`.`petstore`
-- -----------------------------------------------------
START TRANSACTION;
USE `lm13d`;
INSERT INTO `lm13d`.`petstore` (`pst_id`, `pst_name`, `pst_street`, `pst_city`, `pst_state`, `pst_zip`, `pst_phone`, `pst_email`, `pst_url`, `pst_ytd_sales`, `pst_notes`) VALUES (1, 'Petco', '1852 Breeze Dr', 'Tallahassee', 'FL', 32304, 8509991212, 'petco@aol.com', 'www.petco.com', 999.99, NULL);
INSERT INTO `lm13d`.`petstore` (`pst_id`, `pst_name`, `pst_street`, `pst_city`, `pst_state`, `pst_zip`, `pst_phone`, `pst_email`, `pst_url`, `pst_ytd_sales`, `pst_notes`) VALUES (2, 'Fish Mart', '103 Center Road', 'Orlando', 'FL', 33013, 4079184017, 'fishmart@aol.com', 'www.fishmart.com', 999.99, NULL);
INSERT INTO `lm13d`.`petstore` (`pst_id`, `pst_name`, `pst_street`, `pst_city`, `pst_state`, `pst_zip`, `pst_phone`, `pst_email`, `pst_url`, `pst_ytd_sales`, `pst_notes`) VALUES (3, 'Petsmart', '1212 Fillow Circle', 'Tampa', 'FL', 31941, 2830818401, 'petsmart@aol.com', 'www.petsmart.com', 999.99, NULL);
INSERT INTO `lm13d`.`petstore` (`pst_id`, `pst_name`, `pst_street`, `pst_city`, `pst_state`, `pst_zip`, `pst_phone`, `pst_email`, `pst_url`, `pst_ytd_sales`, `pst_notes`) VALUES (4, 'Carols Critters', '6060 W. Pensacola St', 'Tallahassee', 'FL', 32304, 8509982849, 'carolscritters@aol.com', 'www.carolscritters.com', 999.99, NULL);
INSERT INTO `lm13d`.`petstore` (`pst_id`, `pst_name`, `pst_street`, `pst_city`, `pst_state`, `pst_zip`, `pst_phone`, `pst_email`, `pst_url`, `pst_ytd_sales`, `pst_notes`) VALUES (5, 'Pet Kingdom', '301 Clevland Ave.', 'Fort Myers', 'FL', 33967, 2391840183, 'petkingdom@aol.com', 'www.petkingdom.com', 999.99, NULL);
INSERT INTO `lm13d`.`petstore` (`pst_id`, `pst_name`, `pst_street`, `pst_city`, `pst_state`, `pst_zip`, `pst_phone`, `pst_email`, `pst_url`, `pst_ytd_sales`, `pst_notes`) VALUES (6, 'Just Puppies', '1922 Colonial Blvd', 'Fort Myers', 'FL', 33967, 2391847147, 'justpuppies@aol.com', 'www.justpuppies.com', 999.99, NULL);
INSERT INTO `lm13d`.`petstore` (`pst_id`, `pst_name`, `pst_street`, `pst_city`, `pst_state`, `pst_zip`, `pst_phone`, `pst_email`, `pst_url`, `pst_ytd_sales`, `pst_notes`) VALUES (7, 'Pet Supermarket', '5000 Clydes Blvd', 'Ocala', 'FL', 34810, 3819581084, 'petsupermarket@aol.com', 'www.petsupermarket.com', 999.99, NULL);
INSERT INTO `lm13d`.`petstore` (`pst_id`, `pst_name`, `pst_street`, `pst_city`, `pst_state`, `pst_zip`, `pst_phone`, `pst_email`, `pst_url`, `pst_ytd_sales`, `pst_notes`) VALUES (8, 'Earth Pets', '500 NW 60th St', 'Jacksonville', 'FL', 33012, 5619284018, 'earthpets@aol.com', 'www.earthpets.com', 999.99, NULL);
INSERT INTO `lm13d`.`petstore` (`pst_id`, `pst_name`, `pst_street`, `pst_city`, `pst_state`, `pst_zip`, `pst_phone`, `pst_email`, `pst_url`, `pst_ytd_sales`, `pst_notes`) VALUES (9, 'Petland', '3530 53rd Ave W', 'Tallahassee', 'FL', 32301, 8501938401, 'petland@aol.com', 'www.petland.com', 999.99, NULL);
INSERT INTO `lm13d`.`petstore` (`pst_id`, `pst_name`, `pst_street`, `pst_city`, `pst_state`, `pst_zip`, `pst_phone`, `pst_email`, `pst_url`, `pst_ytd_sales`, `pst_notes`) VALUES (10, 'PetSmart', '4425 14th St West', 'Ocala', 'FL', 34810, 3811384184, 'petsmart@aol.com', 'www.petsmart.com', 999.99, NULL);

COMMIT;


-- -----------------------------------------------------
-- Data for table `lm13d`.`customer`
-- -----------------------------------------------------
START TRANSACTION;
USE `lm13d`;
INSERT INTO `lm13d`.`customer` (`cus_id`, `cus_fname`, `cus_lname`, `cus_street`, `cus_city`, `cus_state`, `cus_zip`, `cus_phone`, `cus_email`, `cus_url`, `cus_balance`, `cus_total_sales`, `cus_notes`) VALUES (1, 'john', 'doe', '182 NE 21st ', 'Lake City ', 'FL', 32401, 2949381829, NULL, 'www.johndoe.com', 999.99, 999.99, NULL);
INSERT INTO `lm13d`.`customer` (`cus_id`, `cus_fname`, `cus_lname`, `cus_street`, `cus_city`, `cus_state`, `cus_zip`, `cus_phone`, `cus_email`, `cus_url`, `cus_balance`, `cus_total_sales`, `cus_notes`) VALUES (2, 'jane', 'doe', '492 NE 23rd St', 'Tallahassee', 'FL', 32041, 9279234040, 'harrypotterme@gmail.com', 'www.janedoe.com', 999.99, 999.99, NULL);
INSERT INTO `lm13d`.`customer` (`cus_id`, `cus_fname`, `cus_lname`, `cus_street`, `cus_city`, `cus_state`, `cus_zip`, `cus_phone`, `cus_email`, `cus_url`, `cus_balance`, `cus_total_sales`, `cus_notes`) VALUES (3, 'bob', 'miller', '9184 SE 5th Place', 'Fort Myers', 'FL', 34810, 2937923423, 'bobmiller@yahoo.com', NULL, 999.99, 999.99, NULL);
INSERT INTO `lm13d`.`customer` (`cus_id`, `cus_fname`, `cus_lname`, `cus_street`, `cus_city`, `cus_state`, `cus_zip`, `cus_phone`, `cus_email`, `cus_url`, `cus_balance`, `cus_total_sales`, `cus_notes`) VALUES (4, 'stacy', 'rash', '8371 NW 2nd Ave', 'Ocala', 'FL', 37192, 2414979325, NULL, NULL, 999.99, 999.99, NULL);
INSERT INTO `lm13d`.`customer` (`cus_id`, `cus_fname`, `cus_lname`, `cus_street`, `cus_city`, `cus_state`, `cus_zip`, `cus_phone`, `cus_email`, `cus_url`, `cus_balance`, `cus_total_sales`, `cus_notes`) VALUES (5, 'michelle', 'peters', '472 SW 18th st', 'Jacksonville', 'FL', 37162, 8759475924, 'petersmichelle@aol.com', NULL, 999.99, 999.99, NULL);
INSERT INTO `lm13d`.`customer` (`cus_id`, `cus_fname`, `cus_lname`, `cus_street`, `cus_city`, `cus_state`, `cus_zip`, `cus_phone`, `cus_email`, `cus_url`, `cus_balance`, `cus_total_sales`, `cus_notes`) VALUES (6, 'lucy', 'shovel', '28419 W SE Ave', 'Orlando', 'FL', 32712, 9731284952, NULL, NULL, 999.99, 999.99, NULL);
INSERT INTO `lm13d`.`customer` (`cus_id`, `cus_fname`, `cus_lname`, `cus_street`, `cus_city`, `cus_state`, `cus_zip`, `cus_phone`, `cus_email`, `cus_url`, `cus_balance`, `cus_total_sales`, `cus_notes`) VALUES (7, 'peter', 'griffin', '1834 weston lane', 'Tallahassee', 'FL', 38128, 8741913423, NULL, NULL, 999.99, 999.99, NULL);
INSERT INTO `lm13d`.`customer` (`cus_id`, `cus_fname`, `cus_lname`, `cus_street`, `cus_city`, `cus_state`, `cus_zip`, `cus_phone`, `cus_email`, `cus_url`, `cus_balance`, `cus_total_sales`, `cus_notes`) VALUES (8, 'donald', 'trump', '774 here rd', 'Fort Myers', 'FL', 37129, 3947423423, NULL, 'www.imajoke.com', 999.99, 999.99, NULL);
INSERT INTO `lm13d`.`customer` (`cus_id`, `cus_fname`, `cus_lname`, `cus_street`, `cus_city`, `cus_state`, `cus_zip`, `cus_phone`, `cus_email`, `cus_url`, `cus_balance`, `cus_total_sales`, `cus_notes`) VALUES (9, 'hiliary', 'clinton', '1845 yesser circle', 'Orlando', 'FL', 31278, 3248634815, 'president2060@yahoo.com', 'www.makeamericagreatagain.com', 999.99, 999.99, NULL);
INSERT INTO `lm13d`.`customer` (`cus_id`, `cus_fname`, `cus_lname`, `cus_street`, `cus_city`, `cus_state`, `cus_zip`, `cus_phone`, `cus_email`, `cus_url`, `cus_balance`, `cus_total_sales`, `cus_notes`) VALUES (10, 'jackson', 'bluff', '183 jackson bluff rd', 'Jacksonville', 'FL', 39172, 4567654345, NULL, NULL, 999.99, 999.99, NULL);

COMMIT;


-- -----------------------------------------------------
-- Data for table `lm13d`.`pet`
-- -----------------------------------------------------
START TRANSACTION;
USE `lm13d`;
INSERT INTO `lm13d`.`pet` (`pet_id`, `pst_id`, `cus_id`, `pet_type`, `pet_sex`, `pet_cost`, `pet_price`, `pet_age`, `pet_color`, `pet_sale_date`, `pet_vaccine`, `pet_neuter`, `pet_notes`) VALUES (1, 2, 3, 'dog', 'm', 99999.99, 99999.99, 2, 'white', '2015-01-01', 'y', 'y', NULL);
INSERT INTO `lm13d`.`pet` (`pet_id`, `pst_id`, `cus_id`, `pet_type`, `pet_sex`, `pet_cost`, `pet_price`, `pet_age`, `pet_color`, `pet_sale_date`, `pet_vaccine`, `pet_neuter`, `pet_notes`) VALUES (2, 3, 4, 'cat', 'f', 99999.99, 99999.99, 1, 'black', NULL, 'n', 'n', NULL);
INSERT INTO `lm13d`.`pet` (`pet_id`, `pst_id`, `cus_id`, `pet_type`, `pet_sex`, `pet_cost`, `pet_price`, `pet_age`, `pet_color`, `pet_sale_date`, `pet_vaccine`, `pet_neuter`, `pet_notes`) VALUES (3, 4, 5, 'bird', 'm', 99999.99, 99999.99, 3, 'brown', '2014-09-09', 'y', 'y', NULL);
INSERT INTO `lm13d`.`pet` (`pet_id`, `pst_id`, `cus_id`, `pet_type`, `pet_sex`, `pet_cost`, `pet_price`, `pet_age`, `pet_color`, `pet_sale_date`, `pet_vaccine`, `pet_neuter`, `pet_notes`) VALUES (4, 5, 6, 'fish', 'f', 99999.99, 99999.99, 6, 'yellow', '2010-02-12', 'n', 'n', NULL);
INSERT INTO `lm13d`.`pet` (`pet_id`, `pst_id`, `cus_id`, `pet_type`, `pet_sex`, `pet_cost`, `pet_price`, `pet_age`, `pet_color`, `pet_sale_date`, `pet_vaccine`, `pet_neuter`, `pet_notes`) VALUES (5, 6, 7, 'bunny', 'm', 99999.99, 99999.99, 1, 'grey', NULL, 'y', 'y', NULL);
INSERT INTO `lm13d`.`pet` (`pet_id`, `pst_id`, `cus_id`, `pet_type`, `pet_sex`, `pet_cost`, `pet_price`, `pet_age`, `pet_color`, `pet_sale_date`, `pet_vaccine`, `pet_neuter`, `pet_notes`) VALUES (6, 7, 8, 'cow', 'f', 99999.99, 99999.99, 2, 'black and brown', NULL, 'n', 'n', NULL);
INSERT INTO `lm13d`.`pet` (`pet_id`, `pst_id`, `cus_id`, `pet_type`, `pet_sex`, `pet_cost`, `pet_price`, `pet_age`, `pet_color`, `pet_sale_date`, `pet_vaccine`, `pet_neuter`, `pet_notes`) VALUES (7, 8, 9, 'snake', 'm', 99999.99, 99999.99, 2, 'green', NULL, 'y', 'y', NULL);
INSERT INTO `lm13d`.`pet` (`pet_id`, `pst_id`, `cus_id`, `pet_type`, `pet_sex`, `pet_cost`, `pet_price`, `pet_age`, `pet_color`, `pet_sale_date`, `pet_vaccine`, `pet_neuter`, `pet_notes`) VALUES (8, 9, 10, 'pig', 'f', 99999.99, 99999.99, 5, 'pink', '2011-04-22', 'y', 'n', NULL);
INSERT INTO `lm13d`.`pet` (`pet_id`, `pst_id`, `cus_id`, `pet_type`, `pet_sex`, `pet_cost`, `pet_price`, `pet_age`, `pet_color`, `pet_sale_date`, `pet_vaccine`, `pet_neuter`, `pet_notes`) VALUES (9, 10, 1, 'cat', 'm', 99999.99, 99999.99, 5, 'orange', '2011-08-10', 'n', 'y', NULL);
INSERT INTO `lm13d`.`pet` (`pet_id`, `pst_id`, `cus_id`, `pet_type`, `pet_sex`, `pet_cost`, `pet_price`, `pet_age`, `pet_color`, `pet_sale_date`, `pet_vaccine`, `pet_neuter`, `pet_notes`) VALUES (10, 1, 2, 'dog', 'f', 99999.99, 99999.99, 3, 'white', '2013-12-30', 'n', 'y', NULL);

COMMIT;

